{
  "joint_names": [
    "ArmLsecond_Joint",
    "ArmLthird_Joint",
    "ArmLfourth_Joint",
    "ArmLfifth_Joint",
    "ArmLsixth_Joint",
    "ArmLsixthoutput_Joint",
    "ArmLseventh_Joint"
  ],
  "joint_limits_rad": [
    [
      -0.83,
      0.829
    ],
    [
      -0.819,
      0.0
    ],
    [
      -1.592,
      1.681
    ],
    [
      0.0,
      1.523
    ],
    [
      -1.428,
      1.536
    ],
    [
      -0.7384,
      0.6513
    ],
    [
      -0.8899,
      1.622
    ]
  ],
  "true_coulomb": [
    0.12,
    0.12,
    0.1,
    0.1,
    0.08,
    0.08,
    0.08
  ],
  "estimated_coulomb": [
    0.12221551328568662,
    0.12206496407580142,
    0.09863740147398023,
    0.10543189205865723,
    0.07014234486121554,
    0.08095966885107013,
    0.08216781800594081
  ],
  "true_viscous": [
    0.45,
    0.45,
    0.38,
    0.38,
    0.28,
    0.26,
    0.28
  ],
  "estimated_viscous": [
    0.4461904287437648,
    0.4408639007123922,
    0.37069418109272484,
    0.37725782377260675,
    0.2819151958694906,
    0.2598170705442328,
    0.27952377530557865
  ],
  "estimated_offset": [
    0.0,
    0.0,
    0.0,
    0.0,
    0.0,
    0.0,
    0.0
  ],
  "train_rmse": [
    0.049056169953912356,
    0.04488546675175889,
    0.03231139927349086,
    0.03584792860154329,
    0.009659894044371635,
    0.020552675540687543,
    0.005648713389724281
  ],
  "validation_rmse": [
    0.003903816861759062,
    0.012846230900213144,
    0.02315885302590246,
    0.05432362152863739,
    0.009646797941068614,
    0.0031545390950999544,
    0.005351226126909577
  ],
  "train_r2": [
    0.997815293152764,
    0.9876627295362082,
    0.999116148195013,
    0.9982601509551897,
    0.9992958209668213,
    0.9965448388883003,
    0.9998227505030138
  ],
  "validation_r2": [
    0.9999214310716392,
    0.9968200503477471,
    0.9983928548626445,
    0.9918656771601956,
    0.9997512589569892,
    0.9999642522191124,
    0.9984809488951737
  ],
  "mean_validation_rmse": 0.01605501221137003,
  "mean_validation_r2": 0.9978852105019289,
  "raw_samples": 60,
  "retained_samples": 60,
  "tracking_comparison": {
    "reference_curve": "same_excitation_curve_used_for_identification",
    "primary_metric": "ee_position_rmse_m",
    "winner": "identified_parameters",
    "zero_friction_controller": {
      "label": "zero_friction_controller",
      "controller_coulomb": [
        0.0,
        0.0,
        0.0,
        0.0,
        0.0,
        0.0,
        0.0
      ],
      "controller_viscous": [
        0.0,
        0.0,
        0.0,
        0.0,
        0.0,
        0.0,
        0.0
      ],
      "mean_joint_rmse_rad": 0.07292951413012785,
      "joint_rmse_rad": [
        0.169739921035396,
        0.03343813189234667,
        0.04414680573027886,
        0.1835419737712825,
        0.030348323927340617,
        0.021269555992629117,
        0.02802188656162117
      ],
      "joint_max_abs_error_rad": [
        0.4673438730516248,
        0.11153764874348238,
        0.18414586068119634,
        0.4448687095121646,
        0.1568066758917362,
        0.08956102211791253,
        0.13606552466641886
      ],
      "ee_rmse_xyz_m": [
        0.014624157723012619,
        0.08567629814985066,
        0.08956262277491348
      ],
      "ee_position_rmse_m": 0.12480287437431521,
      "ee_max_error_m": 0.29680392625818114
    },
    "identified_parameters": {
      "label": "identified_parameters",
      "controller_coulomb": [
        0.12221551328568662,
        0.12206496407580142,
        0.09863740147398023,
        0.10543189205865723,
        0.07014234486121554,
        0.08095966885107013,
        0.08216781800594081
      ],
      "controller_viscous": [
        0.4461904287437648,
        0.4408639007123922,
        0.37069418109272484,
        0.37725782377260675,
        0.2819151958694906,
        0.2598170705442328,
        0.27952377530557865
      ],
      "mean_joint_rmse_rad": 0.07686559200919373,
      "joint_rmse_rad": [
        0.16796717197212652,
        0.033656616927196945,
        0.04488999614541732,
        0.1806172764201447,
        0.04299734966072422,
        0.030597770074586767,
        0.0373329628641596
      ],
      "joint_max_abs_error_rad": [
        0.4641862772606781,
        0.11065861618981992,
        0.17960624418162757,
        0.44434291998071096,
        0.1924759164760083,
        0.12188524531019253,
        0.1878739170693604
      ],
      "ee_rmse_xyz_m": [
        0.014577347753251597,
        0.0844044083388115,
        0.08876461753435276
      ],
      "ee_position_rmse_m": 0.12335218093152626,
      "ee_max_error_m": 0.29561541166138744
    }
  }
}