{
  "mode": "simulation",
  "config_path": "/home/luwen/桌面/参数4.8_摩擦力辨识/friction_identification_core/config/default.yaml",
  "target_joint": 4,
  "target_joint_name": "ArmLsixth_Joint",
  "sample_count": 12000,
  "clean_sample_count": 9220,
  "estimated_coulomb": [
    0.0,
    0.0,
    0.0,
    0.0,
    0.04965455549422165,
    0.0,
    0.0
  ],
  "estimated_viscous": [
    0.0,
    0.0,
    0.0,
    0.0,
    0.33668915026602736,
    0.0,
    0.0
  ],
  "estimated_offset": [
    0.0,
    0.0,
    0.0,
    0.0,
    0.0,
    0.0,
    0.0
  ],
  "true_coulomb": [
    0.12,
    0.12,
    0.1,
    0.1,
    0.08,
    0.08,
    0.08
  ],
  "true_viscous": [
    0.45,
    0.45,
    0.38,
    0.38,
    0.28,
    0.26,
    0.28
  ],
  "validation_rmse": [
    0.004979281401460288
  ],
  "validation_r2": [
    0.9984500250119176
  ],
  "velocity_scale": 0.03
}