{
  "joint_names": [
    "ArmLsecond_Joint",
    "ArmLthird_Joint",
    "ArmLfourth_Joint",
    "ArmLfifth_Joint",
    "ArmLsixth_Joint",
    "ArmLsixthoutput_Joint",
    "ArmLseventh_Joint"
  ],
  "joint_limits_rad": [
    [
      -0.83,
      0.829
    ],
    [
      -0.819,
      0.0
    ],
    [
      -1.592,
      1.681
    ],
    [
      0.0,
      1.523
    ],
    [
      -1.428,
      1.536
    ],
    [
      -0.7384,
      0.6513
    ],
    [
      -0.8899,
      1.622
    ]
  ],
  "true_coulomb": [
    0.12,
    0.12,
    0.1,
    0.1,
    0.08,
    0.08,
    0.08
  ],
  "estimated_coulomb": [
    0.08709790479890131,
    0.1164481900511568,
    0.04225772898274983,
    0.051605226113195214,
    0.08280996927533775,
    0.07805535729898107,
    0.0804651974752519
  ],
  "true_viscous": [
    0.45,
    0.45,
    0.38,
    0.38,
    0.28,
    0.26,
    0.28
  ],
  "estimated_viscous": [
    0.4462030114995138,
    0.4429364092678745,
    0.3800980707522728,
    0.3806224819145634,
    0.2813688771516868,
    0.2610219758827898,
    0.28018650886720065
  ],
  "estimated_offset": [
    0.023034473022856196,
    -0.010524688738210856,
    -0.021017029265651667,
    -0.017389814036863092,
    -0.0016860366581041143,
    0.0,
    0.0
  ],
  "train_rmse": [
    0.06681873871834859,
    0.02518500129991403,
    0.08297244343448426,
    0.06107130517642775,
    0.011741240782849459,
    0.013740889110902375,
    0.03734198133187409
  ],
  "validation_rmse": [
    NaN,
    NaN,
    NaN,
    NaN,
    NaN,
    NaN,
    NaN
  ],
  "train_r2": [
    0.9992144066156422,
    0.999928312737135,
    0.9999545063335326,
    0.9995833157098298,
    0.9999004616396147,
    0.9999801149987902,
    0.9989794325762926
  ],
  "validation_r2": [
    NaN,
    NaN,
    NaN,
    NaN,
    NaN,
    NaN,
    NaN
  ],
  "mean_validation_rmse": NaN,
  "mean_validation_r2": NaN,
  "raw_samples": 20,
  "retained_samples": 20,
  "tracking_comparison": {
    "reference_curve": "same_excitation_curve_used_for_identification",
    "primary_metric": "ee_position_rmse_m",
    "winner": "identified_parameters",
    "zero_friction_controller": {
      "label": "zero_friction_controller",
      "controller_coulomb": [
        0.0,
        0.0,
        0.0,
        0.0,
        0.0,
        0.0,
        0.0
      ],
      "controller_viscous": [
        0.0,
        0.0,
        0.0,
        0.0,
        0.0,
        0.0,
        0.0
      ],
      "mean_joint_rmse_rad": 0.2294313311228808,
      "joint_rmse_rad": [
        0.39284165571289914,
        0.1245929050565473,
        0.34785152190974994,
        0.34923422778197866,
        0.12481386337980616,
        0.18631462834094023,
        0.0803705156782441
      ],
      "joint_max_abs_error_rad": [
        0.6119838963952748,
        0.26687718436651653,
        0.7629526455621775,
        0.5108468483011144,
        0.39265389085330904,
        0.4206331256964839,
        0.22202689136299386
      ],
      "ee_rmse_xyz_m": [
        0.06868430137098441,
        0.24707780030409504,
        0.11041642476837918
      ],
      "ee_position_rmse_m": 0.27920737726027517,
      "ee_max_error_m": 0.45189113480245396
    },
    "identified_parameters": {
      "label": "identified_parameters",
      "controller_coulomb": [
        0.08709790479890131,
        0.1164481900511568,
        0.04225772898274983,
        0.051605226113195214,
        0.08280996927533775,
        0.07805535729898107,
        0.0804651974752519
      ],
      "controller_viscous": [
        0.4462030114995138,
        0.4429364092678745,
        0.3800980707522728,
        0.3806224819145634,
        0.2813688771516868,
        0.2610219758827898,
        0.28018650886720065
      ],
      "mean_joint_rmse_rad": 0.2387306905942775,
      "joint_rmse_rad": [
        0.3830449267853125,
        0.12062675518095903,
        0.32674318143172626,
        0.32281713222011077,
        0.15706276641362238,
        0.17733447868433402,
        0.18348559344387771
      ],
      "joint_max_abs_error_rad": [
        0.601293588975851,
        0.2667118356592124,
        0.8552515650027568,
        0.4736505952094685,
        0.5256222171661045,
        0.42182914136809996,
        0.7305923366278764
      ],
      "ee_rmse_xyz_m": [
        0.07125183652356411,
        0.23486934995323855,
        0.10802709782388735
      ],
      "ee_position_rmse_m": 0.26816093977253525,
      "ee_max_error_m": 0.43287660557612384
    }
  }
}