{
  "joint_names": [
    "openarm_left_joint1",
    "openarm_left_joint2",
    "openarm_left_joint3",
    "openarm_left_joint4",
    "openarm_left_joint5",
    "openarm_left_joint6",
    "openarm_left_joint7"
  ],
  "true_coulomb": [
    0.1,
    0.1,
    0.1,
    0.1,
    0.1,
    0.1,
    0.1
  ],
  "estimated_coulomb": [
    0.11184637835990116,
    0.10523078108157297,
    0.09540647653040468,
    0.10518867236975493,
    0.03424814188245964,
    0.10388309563713,
    0.10066725340744202
  ],
  "true_viscous": [
    0.4,
    0.4,
    0.4,
    0.4,
    0.4,
    0.4,
    0.4
  ],
  "estimated_viscous": [
    0.32699524477317865,
    0.36999504049259074,
    0.42155033886909465,
    0.37721220498270125,
    0.6501299251590565,
    0.3854906465877795,
    0.3975772040282607
  ],
  "estimated_offset": [
    0.0002166241083426248,
    0.000745377606292838,
    -0.00029592738199291297,
    0.00011464272809163511,
    0.0002760347696017019,
    0.00015538122413706116,
    -7.75223341958491e-05
  ],
  "train_rmse": [
    0.01902557333772022,
    0.015668706877080562,
    0.009894713775555663,
    0.011043851272632067,
    0.012458619077381512,
    0.005703508893241717,
    0.004136477084594568
  ],
  "validation_rmse": [
    0.01886870238270415,
    0.015220035964256527,
    0.009369697267484938,
    0.01077125158871837,
    0.012202945295025542,
    0.005680357308388137,
    0.004129436064250894
  ],
  "train_r2": [
    0.9812288919420261,
    0.9875619038455424,
    0.9947945875417098,
    0.9949630513787495,
    0.9928735690099645,
    0.9987923632810844,
    0.9994429509624443
  ],
  "validation_r2": [
    0.9815527086099164,
    0.9882689598634233,
    0.9953434772407971,
    0.9952214049197478,
    0.9931711903667073,
    0.9987998808880457,
    0.9994419605940246
  ],
  "mean_validation_rmse": 0.010891775124404078,
  "mean_validation_r2": 0.9931142260689519,
  "retained_samples": 7200
}