{
  "joint_names": [
    "ArmLsecond_Joint",
    "ArmLthird_Joint",
    "ArmLfourth_Joint",
    "ArmLfifth_Joint",
    "ArmLsixth_Joint",
    "ArmLsixthoutput_Joint",
    "ArmLseventh_Joint"
  ],
  "joint_limits_rad": [
    [
      -0.83,
      0.829
    ],
    [
      -0.819,
      0.0
    ],
    [
      -1.592,
      1.681
    ],
    [
      0.0,
      1.523
    ],
    [
      -1.428,
      1.536
    ],
    [
      -0.7384,
      0.6513
    ],
    [
      -0.8899,
      1.622
    ]
  ],
  "true_coulomb": [
    0.12,
    0.12,
    0.1,
    0.1,
    0.08,
    0.08,
    0.08
  ],
  "estimated_coulomb": [
    0.11998797411935683,
    0.12002375289291252,
    0.10082701742685937,
    0.10060165067878889,
    0.07934550497121604,
    0.082485619807575,
    0.08134515895161537
  ],
  "true_viscous": [
    0.45,
    0.45,
    0.38,
    0.38,
    0.28,
    0.26,
    0.28
  ],
  "estimated_viscous": [
    0.4499666088734207,
    0.4499735643359495,
    0.37970503089984453,
    0.3794940971822153,
    0.28023013292573773,
    0.2582476404686947,
    0.27949239431263473
  ],
  "estimated_offset": [
    0.0,
    0.0,
    0.0,
    0.0,
    0.0,
    0.0,
    0.0
  ],
  "train_rmse": [
    0.021081031859546753,
    0.02643946415703271,
    0.004539222887558633,
    0.010253328912768131,
    0.00413423739756285,
    0.0034152788962150547,
    0.003940438217398036
  ],
  "validation_rmse": [
    0.02061842220064889,
    0.025997692406493952,
    0.004316352452606347,
    0.010585904531955313,
    0.004110738392601502,
    0.0034519166669748995,
    0.003773964749827486
  ],
  "train_r2": [
    0.9895742222158651,
    0.9584593188405752,
    0.9997397380990787,
    0.9959576325547489,
    0.9995960945955957,
    0.9988625492250565,
    0.9995261107110972
  ],
  "validation_r2": [
    0.9900328057959306,
    0.9598808558848266,
    0.9997651210075339,
    0.9957001870344951,
    0.9996014610638909,
    0.9988403132580308,
    0.9995661735390706
  ],
  "mean_validation_rmse": 0.010407855914444056,
  "mean_validation_r2": 0.9919124167976827,
  "raw_samples": 12000,
  "retained_samples": 10842,
  "tracking_comparison": {
    "reference_curve": "same_excitation_curve_used_for_identification",
    "primary_metric": "ee_position_rmse_m",
    "winner": "zero_friction_controller",
    "zero_friction_controller": {
      "label": "zero_friction_controller",
      "controller_coulomb": [
        0.0,
        0.0,
        0.0,
        0.0,
        0.0,
        0.0,
        0.0
      ],
      "controller_viscous": [
        0.0,
        0.0,
        0.0,
        0.0,
        0.0,
        0.0,
        0.0
      ],
      "mean_joint_rmse_rad": 0.024152245552202033,
      "joint_rmse_rad": [
        0.008372415086744927,
        0.006062424788924079,
        0.036590662301340955,
        0.0174442142832151,
        0.0405328680616601,
        0.02164923669132713,
        0.03841389765220197
      ],
      "joint_max_abs_error_rad": [
        0.0592836169471479,
        0.039446463420004796,
        0.2357510614290219,
        0.10575198280221854,
        0.2857976119267248,
        0.14730811528707977,
        0.27081832357140134
      ],
      "ee_rmse_xyz_m": [
        0.007043784879393539,
        0.0064831124072126465,
        0.004803285636471254
      ],
      "ee_position_rmse_m": 0.010710611785386412,
      "ee_max_error_m": 0.04559559002416819
    },
    "identified_parameters": {
      "label": "identified_parameters",
      "controller_coulomb": [
        0.11998797411935683,
        0.12002375289291252,
        0.10082701742685937,
        0.10060165067878889,
        0.07934550497121604,
        0.082485619807575,
        0.08134515895161537
      ],
      "controller_viscous": [
        0.4499666088734207,
        0.4499735643359495,
        0.37970503089984453,
        0.3794940971822153,
        0.28023013292573773,
        0.2582476404686947,
        0.27949239431263473
      ],
      "mean_joint_rmse_rad": 0.016589466368804782,
      "joint_rmse_rad": [
        0.01170078962292074,
        0.03572894042584167,
        0.008301761942878252,
        0.055526742962088,
        0.001795840134246959,
        0.0011717212625502879,
        0.001900468231107569
      ],
      "joint_max_abs_error_rad": [
        0.11677676908018955,
        0.409500002937609,
        0.08789002713782616,
        0.7614999430472741,
        0.01396267125393675,
        0.006764759106782922,
        0.012772752345174256
      ],
      "ee_rmse_xyz_m": [
        0.01488233900136594,
        0.018187481725572788,
        0.012983365163061818
      ],
      "ee_position_rmse_m": 0.026848394302584122,
      "ee_max_error_m": 0.30513335018943355
    }
  }
}