{
  "mode": "simulation",
  "control_mode": "full_feedforward",
  "config_path": "/home/luwen/桌面/参数4.8_摩擦力辨识/friction_identification_core/config/default.yaml",
  "target_joint": 4,
  "target_joint_name": "ArmLsixth_Joint",
  "sample_count": 320,
  "clean_sample_count": 316,
  "estimated_coulomb": [
    0.0,
    0.0,
    0.0,
    0.0,
    0.07084401660457539,
    0.0,
    0.0
  ],
  "estimated_viscous": [
    0.0,
    0.0,
    0.0,
    0.0,
    0.2810656240260342,
    0.0,
    0.0
  ],
  "estimated_offset": [
    0.0,
    0.0,
    0.0,
    0.0,
    -0.0017286517263202415,
    0.0,
    0.0
  ],
  "true_coulomb": [
    0.12,
    0.12,
    0.1,
    0.1,
    0.08,
    0.08,
    0.08
  ],
  "true_viscous": [
    0.45,
    0.45,
    0.38,
    0.38,
    0.28,
    0.26,
    0.28
  ],
  "validation_rmse": [
    0.028790788851117764
  ],
  "validation_r2": [
    0.9995465906709277
  ],
  "velocity_scale": 0.03
}