{
  "joint_names": [
    "ArmLsecond_Joint",
    "ArmLthird_Joint",
    "ArmLfourth_Joint",
    "ArmLfifth_Joint",
    "ArmLsixth_Joint",
    "ArmLsixthoutput_Joint",
    "ArmLseventh_Joint"
  ],
  "joint_limits_rad": [
    [
      -0.83,
      0.829
    ],
    [
      -0.819,
      0.0
    ],
    [
      -1.592,
      1.681
    ],
    [
      0.0,
      1.523
    ],
    [
      -1.428,
      1.536
    ],
    [
      -0.7384,
      0.6513
    ],
    [
      -0.8899,
      1.622
    ]
  ],
  "true_coulomb": [
    0.12,
    0.12,
    0.1,
    0.1,
    0.08,
    0.08,
    0.08
  ],
  "estimated_coulomb": [
    0.11998093967822708,
    0.12004327841666984,
    0.10122693415995845,
    0.10050905600438984,
    0.07955778414155819,
    0.08198703811219549,
    0.08131804478948984
  ],
  "true_viscous": [
    0.45,
    0.45,
    0.38,
    0.38,
    0.28,
    0.26,
    0.28
  ],
  "estimated_viscous": [
    0.4499564124078044,
    0.44996665842608263,
    0.3795613030410825,
    0.379573206411956,
    0.28015733140659543,
    0.2586110007788301,
    0.2795020001199122
  ],
  "estimated_offset": [
    0.0,
    0.0,
    0.0,
    0.0,
    0.0,
    0.0,
    0.0
  ],
  "train_rmse": [
    0.02135496118858194,
    0.02959339439283262,
    0.004520548062030556,
    0.01025854764475684,
    0.004085044438922589,
    0.003271988165855697,
    0.003882173185271422
  ],
  "validation_rmse": [
    0.020259566725060494,
    0.029688896140052927,
    0.004319148857026177,
    0.009858002895710012,
    0.004065747575989178,
    0.0032822321622395013,
    0.0040252331125049095
  ],
  "train_r2": [
    0.9889978971056735,
    0.955716815712018,
    0.9997335530336748,
    0.9965437521959228,
    0.9995928834569352,
    0.998922022197858,
    0.999525379287747
  ],
  "validation_r2": [
    0.9901115421438607,
    0.9550953560597956,
    0.9997572361525405,
    0.9967839138661767,
    0.9995975177115777,
    0.9989172510165419,
    0.999490776196546
  ],
  "mean_validation_rmse": 0.010785546781226172,
  "mean_validation_r2": 0.991393370449577,
  "raw_samples": 12000,
  "retained_samples": 10822,
  "tracking_comparison": {
    "reference_curve": "same_excitation_curve_used_for_identification",
    "primary_metric": "ee_position_rmse_m",
    "winner": "zero_friction_controller",
    "zero_friction_controller": {
      "label": "zero_friction_controller",
      "controller_coulomb": [
        0.0,
        0.0,
        0.0,
        0.0,
        0.0,
        0.0,
        0.0
      ],
      "controller_viscous": [
        0.0,
        0.0,
        0.0,
        0.0,
        0.0,
        0.0,
        0.0
      ],
      "mean_joint_rmse_rad": 0.02402636463016868,
      "joint_rmse_rad": [
        0.008266029183563811,
        0.0064101093428622835,
        0.03598204980659465,
        0.01862467052747912,
        0.039849518747827606,
        0.021279086035623524,
        0.03777308876722972
      ],
      "joint_max_abs_error_rad": [
        0.05871106055605904,
        0.03951222409897659,
        0.24042082465436654,
        0.10360529614475944,
        0.2758624389167107,
        0.1440362554168914,
        0.26717948366549615
      ],
      "ee_rmse_xyz_m": [
        0.0069794264936482815,
        0.006653599839624624,
        0.004869574333479602
      ],
      "ee_position_rmse_m": 0.010802570953035932,
      "ee_max_error_m": 0.046486985281702836
    },
    "identified_parameters": {
      "label": "identified_parameters",
      "controller_coulomb": [
        0.11998093967822708,
        0.12004327841666984,
        0.10122693415995845,
        0.10050905600438984,
        0.07955778414155819,
        0.08198703811219549,
        0.08131804478948984
      ],
      "controller_viscous": [
        0.4499564124078044,
        0.44996665842608263,
        0.3795613030410825,
        0.379573206411956,
        0.28015733140659543,
        0.2586110007788301,
        0.2795020001199122
      ],
      "mean_joint_rmse_rad": 0.0669611734489839,
      "joint_rmse_rad": [
        0.1744001690864263,
        0.0965864352115631,
        0.1294235959676949,
        0.06009055061842317,
        0.001905723303766678,
        0.0026567345383336793,
        0.0036650054166794312
      ],
      "joint_max_abs_error_rad": [
        0.895135278175382,
        0.4452496062034742,
        0.7018788341325236,
        0.7589200780811728,
        0.01349872947542289,
        0.023114383850342292,
        0.05118674785532645
      ],
      "ee_rmse_xyz_m": [
        0.021298751991577113,
        0.057149348871928816,
        0.0440601310713417
      ],
      "ee_position_rmse_m": 0.07523948473313691,
      "ee_max_error_m": 0.4135070472105822
    }
  }
}