{
  "mode": "hardware_identification",
  "config_path": "/home/luwen/桌面/参数4.8_摩擦力辨识/friction_identification_core/config/default.yaml",
  "target_joint": 4,
  "target_joint_name": "ArmLsixth_Joint",
  "retained_samples": 5449,
  "estimated_coulomb": [
    1.605585201912446e-29,
    0.3388768359264417,
    0.337537469101607,
    0.8388478604298895,
    0.11626960256645469,
    0.16768948601137987,
    0.11309248338291886
  ],
  "estimated_viscous": [
    5e-324,
    0.6745133748983332,
    0.2660383659843542,
    2.8786138963508396e-15,
    0.039742394755628664,
    3.1288087810100306e-16,
    0.005531284752330384
  ],
  "estimated_offset": [
    0.04999999999999996,
    -0.049999999999999996,
    -0.021959847945422196,
    0.049999999999999996,
    0.0,
    -0.049999999999999996,
    0.0
  ],
  "updated_joint": {
    "index": 4,
    "name": "ArmLsixth_Joint",
    "coulomb": 0.11626960256645469,
    "viscous": 0.039742394755628664,
    "offset": 0.0,
    "validation_rmse": 0.11771431765638007,
    "validation_r2": 0.4603552178149223
  },
  "velocity_scale": 0.03
}