{
  "control_mode": "collect",
  "collection_controller": "mujoco_reference_tracking",
  "collection_base_frequency": 0.12,
  "collection_amplitude_scale": 0.22,
  "collection_feedback_scale": 0.2,
  "sample_count": 46,
  "duration_s": 0.6655025139916688,
  "termination_reason": "safety_stop: 检测到关节超限，已触发安全停机: ArmLsixth_Joint=-4.514009 rad, 安全限位=[-1.515266, 1.623266] (原始限位外扩 5.0 deg)",
  "excitation_filter_limits_rad": [
    [
      -0.6903736598404536,
      0.6893736598404536
    ],
    [
      -0.6793736598404536,
      -0.13962634015954636
    ],
    [
      -1.4523736598404537,
      1.5413736598404537
    ],
    [
      0.13962634015954636,
      1.3833736598404536
    ],
    [
      -1.2883736598404536,
      1.3963736598404537
    ],
    [
      -0.5987736598404536,
      0.5116736598404537
    ],
    [
      -0.7502736598404537,
      1.4823736598404538
    ]
  ],
  "excitation_valid_samples": 0,
  "excitation_blocked_samples": 46,
  "mean_uart_cycle_hz": 360.66776394000686,
  "max_uart_cycle_hz": 853.0312505884651,
  "mean_uart_latency_ms": 14.465079478332369,
  "mean_uart_transfer_kbps": 559.7563696348906
}