{
  "control_mode": "collect",
  "execution_mode": "full_excitation",
  "control_output_mode": "full_excitation",
  "send_enabled": true,
  "send_bias_compensation_only": false,
  "excitation_enabled_joint_mask": [
    false,
    false,
    false,
    false,
    false,
    false,
    true
  ],
  "excitation_enabled_joint_indices": [
    6
  ],
  "excitation_enabled_joint_names": [
    "ArmLseventh_Joint"
  ],
  "collection_controller": "mujoco_reference_tracking",
  "real_collection_base_frequency": 0.12,
  "real_collection_amplitude_scale": 0.22,
  "real_collection_feedback_scale": 0.2,
  "real_transition_max_ee_speed": 1.0,
  "real_transition_min_duration": 1.2,
  "real_transition_settle_duration": 0.25,
  "collection_base_frequency": 0.12,
  "collection_amplitude_scale": 0.22,
  "collection_feedback_scale": 0.2,
  "sample_count": 1083,
  "duration_s": 29.98662840500765,
  "termination_reason": "duration_reached",
  "stop_at_excitation_start": false,
  "excitation_filter_limits_rad": [
    [
      -0.6903736598404536,
      0.6893736598404536
    ],
    [
      -0.6793736598404536,
      -0.13962634015954636
    ],
    [
      -1.4523736598404537,
      1.5413736598404537
    ],
    [
      0.13962634015954636,
      1.3833736598404536
    ],
    [
      -1.2883736598404536,
      1.3963736598404537
    ],
    [
      -0.5987736598404536,
      0.5116736598404537
    ],
    [
      -0.7502736598404537,
      1.4823736598404538
    ]
  ],
  "excitation_valid_samples": 1083,
  "excitation_blocked_samples": 51,
  "mean_uart_cycle_hz": 53.53811173923884,
  "max_uart_cycle_hz": 849.5981777513368,
  "mean_uart_latency_ms": 27.688337950141705,
  "mean_uart_transfer_kbps": 83.09114941929867
}