{
  "mode": "hardware_identification",
  "config_path": "/home/luwen/桌面/参数4.8_摩擦力辨识/friction_identification_core/config/default.yaml",
  "target_joint": 3,
  "target_joint_name": "ArmLfifth_Joint",
  "retained_samples": 255,
  "estimated_coulomb": [
    1.605585201912446e-29,
    0.0,
    0.337537469101607,
    0.8388478604298895,
    0.0,
    0.16768948601137987,
    0.11309248338291886
  ],
  "estimated_viscous": [
    5e-324,
    0.0,
    0.2660383659843542,
    2.8786138963508396e-15,
    0.0,
    3.1288087810100306e-16,
    0.005531284752330384
  ],
  "estimated_offset": [
    0.04999999999999996,
    0.0,
    -0.021959847945422196,
    0.049999999999999996,
    0.0,
    -0.049999999999999996,
    0.0
  ],
  "updated_joint": {
    "index": 3,
    "name": "ArmLfifth_Joint",
    "coulomb": 0.8388478604298895,
    "viscous": 2.8786138963508396e-15,
    "offset": 0.049999999999999996,
    "validation_rmse": 0.6193108587989329,
    "validation_r2": 0.3877893852484178
  },
  "velocity_scale": 0.03
}