{
  "mode": "hardware_identification",
  "config_path": "/home/luwen/桌面/参数4.8_摩擦力辨识/friction_identification_core/config/default.yaml",
  "target_joint": 2,
  "target_joint_name": "ArmLfourth_Joint",
  "retained_samples": 670,
  "estimated_coulomb": [
    1.605585201912446e-29,
    0.0,
    0.337537469101607,
    0.0,
    0.0,
    0.16768948601137987,
    0.11309248338291886
  ],
  "estimated_viscous": [
    5e-324,
    0.0,
    0.2660383659843542,
    0.0,
    0.0,
    3.1288087810100306e-16,
    0.005531284752330384
  ],
  "estimated_offset": [
    0.04999999999999996,
    0.0,
    -0.021959847945422196,
    0.0,
    0.0,
    -0.049999999999999996,
    0.0
  ],
  "updated_joint": {
    "index": 2,
    "name": "ArmLfourth_Joint",
    "coulomb": 0.337537469101607,
    "viscous": 0.2660383659843542,
    "offset": -0.021959847945422196,
    "validation_rmse": 0.15694386486792458,
    "validation_r2": 0.8453112367811061
  },
  "velocity_scale": 0.03
}