{
  "control_mode": "collect",
  "control_output_mode": "gravity_coriolis_compensation_only",
  "send_enabled": false,
  "send_bias_compensation_only": true,
  "collection_controller": "mujoco_reference_tracking",
  "collection_base_frequency": 0.12,
  "collection_amplitude_scale": 0.22,
  "collection_feedback_scale": 0.2,
  "sample_count": 1136,
  "duration_s": 41.97355524300656,
  "termination_reason": "duration_reached",
  "excitation_filter_limits_rad": [
    [
      -0.6903736598404536,
      0.6893736598404536
    ],
    [
      -0.6793736598404536,
      -0.13962634015954636
    ],
    [
      -1.4523736598404537,
      1.5413736598404537
    ],
    [
      0.13962634015954636,
      1.3833736598404536
    ],
    [
      -1.2883736598404536,
      1.3963736598404537
    ],
    [
      -0.5987736598404536,
      0.5116736598404537
    ],
    [
      -0.7502736598404537,
      1.4823736598404538
    ]
  ],
  "excitation_valid_samples": 58,
  "excitation_blocked_samples": 1078,
  "mean_uart_cycle_hz": 45.04671874577137,
  "max_uart_cycle_hz": 812.4381051931163,
  "mean_uart_latency_ms": 36.94843248239791,
  "mean_uart_transfer_kbps": 69.91250749343718
}